/*
Due to the restriction that the SQL driver sticks to the encoding
of the Windows and ignores the database and server collation, the 
following should be ensured:

- The encoding of the Windows and that of the SQL Server must be identical.
- The collation of the database should be identical to that of the server.
- The code page in the sqlcmd should be identical to that of the server.
*/

IF EXISTS (SELECT name FROM sys.databases WHERE name = N'framework_demo') DROP DATABASE [framework_demo]
GO

IF NOT EXISTS (SELECT name FROM sys.databases WHERE name = N'framework_demo')
CREATE DATABASE [framework_demo] 
GO

EXEC dbo.sp_dbcmptlevel @dbname = N'framework_demo', @new_cmptlevel = 100
GO

ALTER DATABASE [framework_demo] SET ANSI_NULL_DEFAULT OFF 
GO

ALTER DATABASE [framework_demo] SET ANSI_NULLS OFF 
GO

ALTER DATABASE [framework_demo] SET ANSI_PADDING OFF 
GO

ALTER DATABASE [framework_demo] SET ANSI_WARNINGS OFF 
GO

ALTER DATABASE [framework_demo] SET ARITHABORT OFF 
GO

ALTER DATABASE [framework_demo] SET AUTO_CLOSE OFF 
GO

ALTER DATABASE [framework_demo] SET AUTO_CREATE_STATISTICS ON 
GO

ALTER DATABASE [framework_demo] SET AUTO_SHRINK OFF 
GO

ALTER DATABASE [framework_demo] SET AUTO_UPDATE_STATISTICS ON 
GO

ALTER DATABASE [framework_demo] SET CURSOR_CLOSE_ON_COMMIT OFF 
GO

ALTER DATABASE [framework_demo] SET CURSOR_DEFAULT  GLOBAL 
GO

ALTER DATABASE [framework_demo] SET CONCAT_NULL_YIELDS_NULL OFF 
GO

ALTER DATABASE [framework_demo] SET NUMERIC_ROUNDABORT OFF 
GO

ALTER DATABASE [framework_demo] SET QUOTED_IDENTIFIER OFF 
GO

ALTER DATABASE [framework_demo] SET RECURSIVE_TRIGGERS OFF 
GO

ALTER DATABASE [framework_demo] SET  ENABLE_BROKER 
GO

ALTER DATABASE [framework_demo] SET AUTO_UPDATE_STATISTICS_ASYNC OFF 
GO

ALTER DATABASE [framework_demo] SET DATE_CORRELATION_OPTIMIZATION OFF 
GO

ALTER DATABASE [framework_demo] SET ALLOW_SNAPSHOT_ISOLATION OFF 
GO

ALTER DATABASE [framework_demo] SET PARAMETERIZATION SIMPLE 
GO

ALTER DATABASE [framework_demo] SET  READ_WRITE 
GO

ALTER DATABASE [framework_demo] SET RECOVERY FULL 
GO

ALTER DATABASE [framework_demo] SET  MULTI_USER 
GO

ALTER DATABASE [framework_demo] SET PAGE_VERIFY CHECKSUM  
GO

USE [framework_demo]
GO

CREATE TABLE DEPARTMENT (
  ID INTEGER IDENTITY,
  NAME VARCHAR(250) NOT NULL,
  constraint DEPARTMENT_PK primary key nonclustered (ID)
)
go

create unique index DEPARTMENT_NAME_UNQ on DEPARTMENT (
NAME ASC
)
go

CREATE TABLE LARGE_DATA (
  ID INTEGER NOT NULL,
  BLOB_DATA IMAGE,
  TEXT_DATA TEXT 
) 
go

CREATE TABLE PAGE_CONTENT (
  LANGUAGE_KEY VARCHAR(3) DEFAULT NULL,
  PAGE_ID INTEGER DEFAULT NULL,
  TITLE VARCHAR(250) DEFAULT NULL,
  CONTENT VARCHAR(250) DEFAULT NULL
) 
go

create unique index PAGE_CONTENT_UNQ on PAGE_CONTENT (
LANGUAGE_KEY ASC,
PAGE_ID ASC
)
go

CREATE TABLE USERS (
  ID INTEGER IDENTITY,
  EMAIL VARCHAR(255) DEFAULT NULL,
  LAST_NAME VARCHAR(500) NOT NULL,
  FIRST_NAME VARCHAR(500) DEFAULT NULL,
  BIRTH_DATE DATETIME DEFAULT NULL,
  SALARY FLOAT DEFAULT NULL,
  DEPARTMENT_ID INTEGER NOT NULL,
  SIGNATURE VARCHAR(250) DEFAULT NULL,
  STATUS VARCHAR(250) DEFAULT NULL,
  HIDE_PICTURES INTEGER NOT NULL DEFAULT 0,
  HIDE_SIGNATURES INTEGER NOT NULL DEFAULT 0,
  LANGUAGE VARCHAR(20) DEFAULT NULL,
  TIME_ZONE VARCHAR(20) DEFAULT NULL,
  constraint USERS_PK primary key nonclustered (ID)
) 
go

SET IDENTITY_INSERT DEPARTMENT ON
go

INSERT INTO DEPARTMENT (ID, NAME) VALUES
  (1,'Management')
go
INSERT INTO DEPARTMENT (ID, NAME) VALUES
  (2,'Marketing')
go
INSERT INTO DEPARTMENT (ID, NAME) VALUES
  (3,'Development')
go
INSERT INTO DEPARTMENT (ID, NAME) VALUES
  (4,'PR')
go

SET IDENTITY_INSERT DEPARTMENT OFF
go

INSERT INTO LARGE_DATA (ID, BLOB_DATA, TEXT_DATA) VALUES
  (1,NULL,NULL)
go

INSERT INTO PAGE_CONTENT (LANGUAGE_KEY, PAGE_ID, TITLE, CONTENT) VALUES
  ('en',1,'page 1 title en','page 1 content en')
go
INSERT INTO PAGE_CONTENT (LANGUAGE_KEY, PAGE_ID, TITLE, CONTENT) VALUES
  ('de',1,'page 1 title de','page 1 content de')
go
INSERT INTO PAGE_CONTENT (LANGUAGE_KEY, PAGE_ID, TITLE, CONTENT) VALUES
  ('ru',1,'page 1 title ru','page 1 content ru')
go
INSERT INTO PAGE_CONTENT (LANGUAGE_KEY, PAGE_ID, TITLE, CONTENT) VALUES
  ('en',2,'page 2 title en','page 2 content en')
go
INSERT INTO PAGE_CONTENT (LANGUAGE_KEY, PAGE_ID, TITLE, CONTENT) VALUES
  ('de',2,'page 2 title de','page 2 content de')
go
INSERT INTO PAGE_CONTENT (LANGUAGE_KEY, PAGE_ID, TITLE, CONTENT) VALUES
  ('ru',2,'page 2 title ru','page 2 content ru')
go

SET IDENTITY_INSERT USERS ON
go

INSERT INTO USERS (ID, EMAIL, LAST_NAME, FIRST_NAME, BIRTH_DATE, SALARY, DEPARTMENT_ID) VALUES
  (1,'jsmith@gmail.com','Smith','John','1970-02-02 00:00:00',1000.000,1)
go
INSERT INTO USERS (ID, EMAIL, LAST_NAME, FIRST_NAME, BIRTH_DATE, SALARY, DEPARTMENT_ID) VALUES
  (2,'sparker@gmail.com','Parker','Sarah','1976-02-04 00:00:00',2000.000,1)
go
INSERT INTO USERS (ID, EMAIL, LAST_NAME, FIRST_NAME, BIRTH_DATE, SALARY, DEPARTMENT_ID) VALUES
  (3,'apetrov@gmail.com','Petrov','Alexei','1980-12-03 00:00:00',1500.000,1)
go
INSERT INTO USERS (ID, EMAIL, LAST_NAME, FIRST_NAME, BIRTH_DATE, SALARY, DEPARTMENT_ID) VALUES
  (4,'lsmirnova@gmail.com','Smirnova','Lena','1981-03-12 00:00:00',1200.000,1)
go
INSERT INTO USERS (ID, EMAIL, LAST_NAME, FIRST_NAME, BIRTH_DATE, SALARY, DEPARTMENT_ID) VALUES
  (5,'rschneider@gmail.com','Schnieder','Rolf','1960-09-08 00:00:00',3000.000,2)
go
INSERT INTO USERS (ID, EMAIL, LAST_NAME, FIRST_NAME, BIRTH_DATE, SALARY, DEPARTMENT_ID) VALUES
  (6,'uweinrich@gmail.com','Weinrich','Ulla','1979-01-05 00:00:00',2000.000,2)
go
INSERT INTO USERS (ID, EMAIL, LAST_NAME, FIRST_NAME, BIRTH_DATE, SALARY, DEPARTMENT_ID) VALUES
  (7,'aivanov@gmail.com','Ivanov','Alexander','1983-08-09 00:00:00',2300.000,2)
go
INSERT INTO USERS (ID, EMAIL, LAST_NAME, FIRST_NAME, BIRTH_DATE, SALARY, DEPARTMENT_ID) VALUES
  (8,'rschmidt@gmail.com','Schmidt','Ralf','1974-09-08 00:00:00',3400.000,3)
go
INSERT INTO USERS (ID, EMAIL, LAST_NAME, FIRST_NAME, BIRTH_DATE, SALARY, DEPARTMENT_ID) VALUES
  (9,'esinneger@gmail.com','Sinnegger','Elmar','1968-09-04 00:00:00',1800.000,3)
go
INSERT INTO USERS (ID, EMAIL, LAST_NAME, FIRST_NAME, BIRTH_DATE, SALARY, DEPARTMENT_ID) VALUES
  (10,'ahummel@gmail.com','Hummel','Angelika','1970-04-05 00:00:00',2800.000,3)
go

SET IDENTITY_INSERT USERS OFF
go

CREATE PROCEDURE GET_USERS @MIN_SALARY AS FLOAT
AS
BEGIN
  CREATE TABLE #TEMP (
    EMAIL VARCHAR(255) DEFAULT NULL,
    LAST_NAME VARCHAR(500) NOT NULL,
    FIRST_NAME VARCHAR(500) DEFAULT NULL
  ) 
  
  INSERT INTO #TEMP (EMAIL, LAST_NAME, FIRST_NAME)
  SELECT EMAIL, LAST_NAME, FIRST_NAME FROM USERS WHERE SALARY >= @MIN_SALARY
  
  SELECT * FROM #TEMP
  
  DROP TABLE #TEMP
END
go
